pathway,pval,padj,log2err,ES,NES,size,leadingEdge
BIOCARTA_HIVNEF_PATHWAY,0.6859756097560976,1,0.03170908650855527,0.3697762372675094,0.881113992802089,18,
BIOCARTA_MAPK_PATHWAY,0.8043032786885246,1,0.023932954962491742,0.33418831805627525,0.7892461990976897,17,
REACTOME_ABC_FAMILY_PROTEINS_MEDIATED_TRANSPORT,0.7602397602397603,1,0.025622525320700754,0.32906386791774445,0.8495790577904012,38,
REACTOME_ACTIVATION_OF_APC_C_AND_APC_C_CDC20_MEDIATED_DEGRADATION_OF_MITOTIC_PROTEINS,0.942057942057942,1,0.011314601225254678,0.2575306480672393,0.6560598181062822,33,
REACTOME_ACTIVATION_OF_NF_KAPPAB_IN_B_CELLS,0.7512487512487512,1,0.026254339649827135,0.32962001658306583,0.8468089054869001,35,
REACTOME_ACTIVATION_OF_THE_MRNA_UPON_BINDING_OF_THE_CAP_BINDING_COMPLEX_AND_EIFS_AND_SUBSEQUENT_BINDING_TO_43S,0.5794205794205795,1,0.038875878582578,0.37551003946047906,0.9606895393618947,34,
REACTOME_ADAPTIVE_IMMUNE_SYSTEM,0.978021978021978,1,0.006839067063517321,0.28187497478814616,0.7876021206426033,161,
REACTOME_AMINO_ACIDS_REGULATE_MTORC1,0.8985801217038539,1,0.01643692480259127,0.284855462492467,0.6866889830836035,20,
REACTOME_AMPLIFICATION_OF_SIGNAL_FROM_THE_KINETOCHORES,0.4692230070635722,1,0.048995408986248136,0.419170603959262,1.0222060930655967,22,
REACTOME_ANTIGEN_PROCESSING_CROSS_PRESENTATION,0.707,1,0.029422765784680067,0.3462811916553872,0.8806642383520332,32,
REACTOME_ANTIGEN_PROCESSING_UBIQUITINATION_PROTEASOME_DEGRADATION,0.948051948051948,1,0.01067945129467228,0.2822720814158503,0.7642059367353088,87,
REACTOME_ANTIVIRAL_MECHANISM_BY_IFN_STIMULATED_GENES,0.5485485485485485,1,0.04148804020022096,0.3914179458327679,0.9778625899211854,27,
REACTOME_APC_C_CDH1_MEDIATED_DEGRADATION_OF_CDC20_AND_OTHER_APC_C_CDH1_TARGETED_PROTEINS_IN_LATE_MITOSIS_EARLY_G1,0.92,1,0.01353731628844181,0.27236966369782767,0.692692032402838,32,
REACTOME_APC_C_MEDIATED_DEGRADATION_OF_CELL_CYCLE_PROTEINS,0.951048951048951,1,0.010350458278250074,0.2529615474228535,0.6471664853996796,34,
REACTOME_APOPTOSIS,0.5498489425981873,1,0.041655677397946726,0.3992763073647354,0.979806588182414,23,
REACTOME_ASPARAGINE_N_LINKED_GLYCOSYLATION,0.5034965034965035,1,0.0453152441270267,0.3693149396139847,0.9984235710197779,82,
REACTOME_ASSEMBLY_OF_THE_PRE_REPLICATIVE_COMPLEX,0.981018981018981,1,0.006345963731494484,0.2273520584632271,0.5841339535588437,36,
REACTOME_ASYMMETRIC_LOCALIZATION_OF_PCP_PROTEINS,0.7937937937937938,1,0.02336673077641205,0.3236675698881137,0.8123102780740646,28,
REACTOME_AUF1_HNRNP_D0_BINDS_AND_DESTABILIZES_MRNA,0.874,1,0.01739147175566728,0.2973229845608969,0.7561534557829978,32,
REACTOME_BETA_CATENIN_INDEPENDENT_WNT_SIGNALING,0.985014985014985,1,0.005627082112991121,0.23326702607509808,0.6073995785355925,43,
REACTOME_BIOLOGICAL_OXIDATIONS,3.89501997199526e-6,5.102476163313791e-4,0.610526878385931,0.7965591855790869,1.9202314476439841,20,
REACTOME_CARGO_RECOGNITION_FOR_CLATHRIN_MEDIATED_ENDOCYTOSIS,0.43743743743743746,1,0.051845762486506596,0.41853586237543383,1.0418089085252262,26,
REACTOME_CDK_MEDIATED_PHOSPHORYLATION_AND_REMOVAL_OF_CDC6,0.92,1,0.01353731628844181,0.27236966369782767,0.692692032402838,32,
REACTOME_CELLULAR_RESPONSES_TO_STIMULI,0.13086913086913088,0.9879653401797175,0.11776578836269024,0.4026344221768811,1.1226177982346455,154,
REACTOME_CELLULAR_RESPONSE_TO_CHEMICAL_STRESS,0.04995004995004995,0.580376145593537,0.19991523130966152,0.48813001687066027,1.2815700778725925,51,
REACTOME_CELLULAR_RESPONSE_TO_HEAT_STRESS,0.31462925851703405,1,0.0675188953767744,0.43638474880741873,1.1056635103006023,31,
REACTOME_CELLULAR_RESPONSE_TO_HYPOXIA,0.8641358641358642,1,0.018090596399159904,0.30202554297727335,0.7694106479217435,33,
REACTOME_CELLULAR_SENESCENCE,0.3003003003003003,1,0.06977925170762346,0.44428352853932596,1.1150208120518903,28,
REACTOME_CELL_CELL_COMMUNICATION,0.14285714285714285,0.9879653401797175,0.11378726182188,0.5535677985972511,1.2858035027847454,15,
REACTOME_CELL_CYCLE,0.8271728271728271,1,0.020854749443802664,0.31861476261341704,0.8837017074824473,134,
REACTOME_CELL_CYCLE_CHECKPOINTS,0.6403596403596403,1,0.03419460453185734,0.352805714770867,0.9430334803193904,66,
REACTOME_CELL_SURFACE_INTERACTIONS_AT_THE_VASCULAR_WALL,0.02580452577054894,0.43083247687564236,0.35248785758361917,0.6486950483185091,1.5067609920242218,15,
REACTOME_CHAPERONIN_MEDIATED_PROTEIN_FOLDING,0.9655172413793104,1,0.27128855468895297,-0.1823943661971831,-0.6791471378931144,15,
REACTOME_CHROMATIN_MODIFYING_ENZYMES,0.9790209790209791,1,0.006678414406988259,0.23932890131034645,0.6231839803217233,43,
REACTOME_CLASS_I_MHC_MEDIATED_ANTIGEN_PROCESSING_PRESENTATION,0.952047952047952,1,0.010238917931048518,0.28342528109787607,0.7758633510299702,103,
REACTOME_CLATHRIN_MEDIATED_ENDOCYTOSIS,0.8371628371628371,1,0.02012182285635073,0.3080635147686185,0.8021607347641643,43,
REACTOME_CLEC7A_DECTIN_1_SIGNALING,0.7772227772227772,1,0.024426888716872902,0.3257588523883248,0.8410840660991964,39,
REACTOME_COPII_MEDIATED_VESICLE_TRANSPORT,0.5825825825825826,1,0.03871667400425939,0.38536310164355203,0.9592361094950451,26,
REACTOME_COPI_DEPENDENT_GOLGI_TO_ER_RETROGRADE_TRAFFIC,0.337361530715005,1,0.06435833679173605,0.45004267094550326,1.1043850231584265,23,
REACTOME_COPI_INDEPENDENT_GOLGI_TO_ER_RETROGRADE_TRAFFIC,0.6382113821138211,1,0.03516522904093021,0.38351090850734937,0.9138413824942625,18,
REACTOME_COPI_MEDIATED_ANTEROGRADE_TRANSPORT,0.621,1,0.035693308335334094,0.36866419897601593,0.9375888261409838,32,
REACTOME_CROSS_PRESENTATION_OF_SOLUBLE_EXOGENOUS_ANTIGENS_ENDOSOMES,0.9707955689828801,1,0.008938012108350041,0.23416169725760977,0.5746225594683151,23,
REACTOME_CYCLIN_A_CDK2_ASSOCIATED_EVENTS_AT_S_PHASE_ENTRY,0.778,1,0.024426888716872902,0.3261232138467063,0.824698209973096,30,
REACTOME_CYTOKINE_SIGNALING_IN_IMMUNE_SYSTEM,0.13986013986013987,0.9879653401797175,0.11331290842208036,0.42290006112587564,1.1559701885975309,101,
REACTOME_C_TYPE_LECTIN_RECEPTORS_CLRS,0.8471528471528471,1,0.01937946528183456,0.3048530350737821,0.7913917854697591,42,
REACTOME_DDX58_IFIH1_MEDIATED_INDUCTION_OF_INTERFERON_ALPHA_BETA,0.1762295081967213,1,0.10027910675413045,0.5183198181545636,1.2241060632365017,17,
REACTOME_DEADENYLATION_DEPENDENT_MRNA_DECAY,0.8119218910585817,1,0.02357930949600524,0.3259896948337576,0.7571948595115721,15,
REACTOME_DEATH_RECEPTOR_SIGNALING,0.027972027972027972,0.43083247687564236,0.27128855468895297,0.543969853559399,1.385764241498365,33,
REACTOME_DECTIN_1_MEDIATED_NONCANONICAL_NF_KB_SIGNALING,0.8917835671342685,1,0.016112185169394375,0.2907846127239328,0.7367579561943639,31,
REACTOME_DEGRADATION_OF_AXIN,0.8517034068136272,1,0.019229708906458174,0.30546588210060976,0.7739557360871002,31,
REACTOME_DEGRADATION_OF_BETA_CATENIN_BY_THE_DESTRUCTION_COMPLEX,0.926073926073926,1,0.012890182964868947,0.2722267699417773,0.696453843399484,34,
REACTOME_DEGRADATION_OF_DVL,0.8948948948948949,1,0.01578376266308892,0.28428702213189494,0.7134767010505119,28,
REACTOME_DEUBIQUITINATION,0.4725274725274725,1,0.048214971002556443,0.37673089114494596,1.0129902679003684,77,
REACTOME_DEVELOPMENTAL_BIOLOGY,0.7092907092907093,1,0.029210312792388407,0.34006940610048814,0.9031221773081294,58,
REACTOME_DNA_DOUBLE_STRAND_BREAK_REPAIR,0.6616161616161617,1,0.03316264244714414,0.37259180223175936,0.9035196546616564,21,
REACTOME_DNA_REPAIR,0.8811188811188811,1,0.016758234102620485,0.29251753100889843,0.7607829291905808,44,
REACTOME_DNA_REPLICATION,0.961038961038961,1,0.009185939806085076,0.25849946241070804,0.6710589286102104,42,
REACTOME_DNA_REPLICATION_PRE_INITIATION,0.983016983016983,1,0.005996574254698611,0.23467631060402566,0.6058886990854109,38,
REACTOME_DOWNSTREAM_SIGNALING_EVENTS_OF_B_CELL_RECEPTOR_BCR,0.8911088911088911,1,0.015948450931777623,0.2899559864299837,0.7486100959995076,38,
REACTOME_DOWNSTREAM_TCR_SIGNALING,0.8631368631368631,1,0.01816749468471516,0.300141429602998,0.7732636682713682,37,
REACTOME_DUAL_INCISION_IN_TC_NER,0.3936279547790339,1,0.05797547575714859,0.4594211094199489,1.0671236174545025,15,
REACTOME_E3_UBIQUITIN_LIGASES_UBIQUITINATE_TARGET_PROTEINS,0.7756147540983607,1,0.025903375777249812,0.34169983393067627,0.8029835744353572,16,
REACTOME_ENDOSOMAL_SORTING_COMPLEX_REQUIRED_FOR_TRANSPORT_ESCRT,0.13217213114754098,0.9879653401797175,0.11881503941226282,0.5362229615757657,1.2663875767833193,17,
REACTOME_EPIGENETIC_REGULATION_OF_GENE_EXPRESSION,0.434,1,0.05216303054600547,0.41266347792606856,1.0410429065339826,29,
REACTOME_ER_TO_GOLGI_ANTEROGRADE_TRANSPORT,0.7732267732267732,1,0.02470863138011972,0.3258773938944958,0.8584716996473447,52,
REACTOME_ESR_MEDIATED_SIGNALING,0.5815815815815816,1,0.03879622083044794,0.3794647160425492,0.9523446822750066,28,
REACTOME_ESTROGEN_DEPENDENT_GENE_EXPRESSION,0.7438524590163934,1,0.028081063630905168,0.3546431309027984,0.8333999043120687,16,
REACTOME_EUKARYOTIC_TRANSLATION_INITIATION,0.6403596403596403,1,0.03419460453185734,0.35240177183575144,0.9410484050624659,64,
REACTOME_EXTRACELLULAR_MATRIX_ORGANIZATION,0.009028081855718155,0.256485641540846,0.3807304007227924,0.6514399476385149,1.5703986550574134,20,
REACTOME_FACTORS_INVOLVED_IN_MEGAKARYOCYTE_DEVELOPMENT_AND_PLATELET_PRODUCTION,0.4563008130081301,1,0.05060042438536184,0.4366880841877826,1.040553563720305,18,
REACTOME_FCERI_MEDIATED_NF_KB_ACTIVATION,0.7942057942057942,1,0.023224832065442805,0.31923168164674603,0.8201995863244539,36,
REACTOME_FCGAMMA_RECEPTOR_FCGR_DEPENDENT_PHAGOCYTOSIS,0.8841463414634146,1,0.017703811805229456,0.29403783051920596,0.7006422283869288,18,
REACTOME_FC_EPSILON_RECEPTOR_FCERI_SIGNALING,0.965034965034965,1,0.008684080074575799,0.24942411407255416,0.6468035977938001,41,
REACTOME_FORMATION_OF_RNA_POL_II_ELONGATION_COMPLEX,0.5020325203252033,1,0.046230252407761636,0.4254498048598817,1.0137746521168847,18,
REACTOME_G1_S_DNA_DAMAGE_CHECKPOINTS,0.3627254509018036,1,0.06064040094941603,0.42637761042919226,1.0803085276217355,31,
REACTOME_G1_S_TRANSITION,0.9020979020979021,1,0.015029874862140472,0.2869381693211634,0.7340908863756378,34,
REACTOME_G2_M_CHECKPOINTS,0.9400599400599401,1,0.011520256795340146,0.26141593124373397,0.6687958354701592,34,
REACTOME_GENERIC_TRANSCRIPTION_PATHWAY,0.99000999000999,1,0.004582882238177752,0.26441988268670613,0.733224267482078,133,
REACTOME_GENE_EXPRESSION_TRANSCRIPTION,0.9280719280719281,1,0.012701096862420717,0.30130086811535445,0.8496311211330994,208,
REACTOME_GLI3_IS_PROCESSED_TO_GLI3R_BY_THE_PROTEASOME,0.8528528528528528,1,0.01907948888135507,0.30495923423415194,0.7653578653172786,28,
REACTOME_GLOBAL_GENOME_NUCLEOTIDE_EXCISION_REPAIR_GG_NER,0.6470588235294118,1,0.034417484021222945,0.3781187513256921,0.9115148382999603,20,
REACTOME_GLYCEROPHOSPHOLIPID_BIOSYNTHESIS,0.4948770491803279,1,0.04725873366732593,0.4279348867496247,1.005633163572206,16,
REACTOME_GOLGI_ASSOCIATED_VESICLE_BIOGENESIS,0.721327967806841,1,0.02871553992663258,0.35133921633319576,0.8654296770827447,24,
REACTOME_GOLGI_TO_ER_RETROGRADE_TRANSPORT,0.46653346653346656,1,0.04879897016828393,0.39535209551724165,1.015775199764083,36,
REACTOME_HEDGEHOG_LIGAND_BIOGENESIS,0.7114228456913828,1,0.029210312792388407,0.34694049567195806,0.8790395341689051,31,
REACTOME_HEDGEHOG_OFF_STATE,0.6633366633366633,1,0.032505765116464115,0.35569053856926564,0.9099841382255653,34,
REACTOME_HEDGEHOG_ON_STATE,0.8917835671342685,1,0.016112185169394375,0.2902079161107573,0.7352967859691334,31,
REACTOME_HEMOSTASIS,4.488567049984473e-4,0.023520091341918636,0.49849310876659025,0.5492680594188954,1.477651257398248,78,
REACTOME_HSP90_CHAPERONE_CYCLE_FOR_STEROID_HORMONE_RECEPTORS_SHR_IN_THE_PRESENCE_OF_LIGAND,0.6217038539553753,1,0.03630184623592365,0.38502679312993326,0.9281677617164414,20,
REACTOME_IMMUNE_SYSTEM,0.019074966632756044,0.40905841843651763,0.35248785758361917,0.40635328207291793,1.1650252619580406,330,
REACTOME_INNATE_IMMUNE_SYSTEM,0.09090909090909091,0.8506493506493508,0.1446305280344838,0.4047791425570065,1.1393487171723335,201,
REACTOME_INTERFERON_SIGNALING,0.5134865134865135,1,0.04441811530815725,0.3916739480470556,1.0020426225354813,34,
REACTOME_INTERLEUKIN_17_SIGNALING,0.8221993833504625,1,0.022869397235001802,0.3228361499639533,0.7498699409558717,15,
REACTOME_INTERLEUKIN_1_FAMILY_SIGNALING,0.5144855144855145,1,0.0443293451680314,0.3795736703392736,0.9853649139966909,42,
REACTOME_INTERLEUKIN_1_SIGNALING,0.6393606393606394,1,0.03426882615919171,0.3582950741854901,0.9291264556223282,41,
REACTOME_INTRACELLULAR_SIGNALING_BY_SECOND_MESSENGERS,0.5294705294705294,1,0.04301731969275082,0.37282933114774053,0.9901226963385981,58,
REACTOME_INTRA_GOLGI_AND_RETROGRADE_GOLGI_TO_ER_TRAFFIC,0.5224775224775224,1,0.043625124000060564,0.3777840361804615,0.9918601600669504,51,
REACTOME_ION_CHANNEL_TRANSPORT,0.6720812182741117,1,0.03265132656185353,0.37483888025119444,0.8976535796047104,19,
REACTOME_IRON_UPTAKE_AND_TRANSPORT,0.1876267748478702,1,0.09592067779217453,0.5024473436453843,1.2112285031923198,20,
REACTOME_KEAP1_NFE2L2_PATHWAY,0.3206793206793207,1,0.06643641376628104,0.426926505921149,1.0967937291858265,35,
REACTOME_L1CAM_INTERACTIONS,0.467204843592331,1,0.04919275210451909,0.4202444825080212,1.0248248959715867,22,
REACTOME_MACROAUTOPHAGY,0.45054945054945056,1,0.05039643224429567,0.3924459469463374,1.021882547156345,43,
REACTOME_MAJOR_PATHWAY_OF_RRNA_PROCESSING_IN_THE_NUCLEOLUS_AND_CYTOSOL,0.1008991008991009,0.8811854811854811,0.13649043778041264,0.4309866777486908,1.1776705979851687,100,
REACTOME_MAPK6_MAPK4_SIGNALING,0.7154308617234469,1,0.02892743145246464,0.3458793500193685,0.8763509204389597,31,
REACTOME_MAPK_FAMILY_SIGNALING_CASCADES,0.997002997002997,1,0.0025013249394157107,0.21704971505881965,0.5764188360716783,58,
REACTOME_METABOLISM,1.052434116036896e-6,2.7573773840166676e-4,0.6435518361507222,0.519220795674681,1.4645192767511181,209,
REACTOME_METABOLISM_OF_AMINO_ACIDS_AND_DERIVATIVES,0.01203136552757369,0.28656525165675517,0.3807304007227924,0.575239828428355,1.4716700692994746,34,
REACTOME_METABOLISM_OF_CARBOHYDRATES,0.027054108216432865,0.43083247687564236,0.27650059925447157,0.5527518486624852,1.4005016238251282,31,
REACTOME_METABOLISM_OF_LIPIDS,0.2757242757242757,1,0.07399014391013414,0.40304368446472294,1.0870290455547438,80,
REACTOME_METABOLISM_OF_POLYAMINES,0.6746746746746747,1,0.03178125068359488,0.36150234725842206,0.8998425217114913,26,
REACTOME_METABOLISM_OF_PROTEINS,0.8151848151848152,1,0.02172400062005253,0.3240376273120712,0.9304765809975039,391,
REACTOME_METABOLISM_OF_RNA,0.6943056943056943,1,0.030275442472826188,0.33410941465111776,0.9520596735151112,274,
REACTOME_METABOLISM_OF_VITAMINS_AND_COFACTORS,0.0706967213114754,0.7409016393442622,0.16823816568963962,0.5847997586016382,1.3742605464249256,16,
REACTOME_MHC_CLASS_II_ANTIGEN_PRESENTATION,0.972027972027972,1,0.007739272658285675,0.24835299434926306,0.6412281501599353,39,
REACTOME_MITOTIC_G1_PHASE_AND_G1_S_TRANSITION,0.9080919080919081,1,0.01451434294599477,0.2848718583174273,0.7339241984726489,37,
REACTOME_MITOTIC_G2_G2_M_PHASES,0.7812187812187812,1,0.024144793079838203,0.32423447079986933,0.8568662689810435,54,
REACTOME_MITOTIC_METAPHASE_AND_ANAPHASE,0.926073926073926,1,0.012890182964868947,0.29115083081972426,0.7828743674699424,77,
REACTOME_MITOTIC_PROMETAPHASE,0.7742257742257742,1,0.024638225706347636,0.32815668148519694,0.8518875398814613,42,
REACTOME_MITOTIC_PROPHASE,0.5818181818181818,1,0.039195633611814606,0.39568096501783695,0.9595099160199224,21,
REACTOME_MITOTIC_SPINDLE_CHECKPOINT,0.6296296296296297,1,0.03509010992693497,0.37056256533032894,0.930002905732486,28,
REACTOME_MRNA_SPLICING,0.9920079920079921,1,0.004094922375595511,0.2462832039838726,0.6680190208234746,90,
REACTOME_MRNA_SPLICING_MINOR_PATHWAY,0.8640973630831643,1,0.01907948888135507,0.3036634648302645,0.7320286366965923,20,
REACTOME_MYD88_MAL_TIRAP_CASCADE_INITIATED_ON_PLASMA_MEMBRANE,0.37373737373737376,1,0.059603704257597284,0.44708943819900604,1.084173329592401,21,
REACTOME_M_PHASE,0.8881118881118881,1,0.016193705107687452,0.3028819356942639,0.8279083417371983,101,
REACTOME_NEDDYLATION,0.945054945054945,1,0.011000603543003662,0.2779952028991643,0.7423542195616591,64,
REACTOME_NERVOUS_SYSTEM_DEVELOPMENT,0.8451548451548452,1,0.019528773608940706,0.30786546313738283,0.8066061999594364,49,
REACTOME_NEURONAL_SYSTEM,0.6805273833671399,1,0.03199804803406335,0.3665982802880073,0.8837429273374976,20,
REACTOME_NEUTROPHIL_DEGRANULATION,0.024975024975024976,0.43083247687564236,0.2878571172551493,0.45936048623206277,1.2670515076529532,116,
REACTOME_NONSENSE_MEDIATED_DECAY_NMD,0.5694305694305695,1,0.039678720361338855,0.3647608984892927,0.9693824490197165,60,
REACTOME_NONSENSE_MEDIATED_DECAY_NMD_INDEPENDENT_OF_THE_EXON_JUNCTION_COMPLEX_EJC,0.6283716283716284,1,0.03509010992693497,0.35842997301839835,0.9407747988137712,50,
REACTOME_NUCLEAR_ENVELOPE_NE_REASSEMBLY,0.7161484453360081,1,0.02892743145246464,0.34915737365197563,0.8651441942464684,25,
REACTOME_NUCLEAR_EVENTS_MEDIATED_BY_NFE2L2,0.43587174348697394,1,0.05205700307320985,0.41158863719274225,1.042837859576984,31,
REACTOME_NUCLEOTIDE_EXCISION_REPAIR,0.8054162487462387,1,0.022655622433351383,0.32344850004728565,0.8014425960041711,25,
REACTOME_ORC1_REMOVAL_FROM_CHROMATIN,0.9029029029029029,1,0.015114739404163819,0.2809417232720821,0.7050809861261073,28,
REACTOME_ORGANELLE_BIOGENESIS_AND_MAINTENANCE,0.932,1,0.012413637236997066,0.2670382219698526,0.6752844762423216,30,
REACTOME_P75_NTR_RECEPTOR_MEDIATED_SIGNALLING,0.030374443484053663,0.43083247687564236,0.35248785758361917,0.6104516009743908,1.4618922786848283,19,
REACTOME_PCP_CE_PATHWAY,0.993006993006993,1,0.00382852089890286,0.21789795970643722,0.5613772675578786,37,
REACTOME_PHASE_II_CONJUGATION_OF_COMPOUNDS,2.39884743335831e-5,0.001571245068849693,0.5756102610711286,0.8224337784581608,1.9103138510399034,15,
REACTOME_PHOSPHOLIPID_METABOLISM,0.5974025974025974,1,0.0374584205912161,0.37166580828005324,0.9508546154082501,34,
REACTOME_PI_METABOLISM,0.848730964467005,1,0.02026910963671753,0.31113720200974276,0.7451025970013405,19,
REACTOME_PKR_MEDIATED_SIGNALING,0.5831643002028397,1,0.03927585708967778,0.3971721506570331,0.9574460600383194,20,
REACTOME_PLATELET_ACTIVATION_SIGNALING_AND_AGGREGATION,0.15284715284715283,1,0.10755437526516934,0.4634775872275725,1.203177639981415,42,
REACTOME_POST_TRANSLATIONAL_PROTEIN_MODIFICATION,0.5214785214785215,1,0.043712583357955095,0.3484318347691377,0.9947695138721826,290,
REACTOME_PROCESSING_OF_CAPPED_INTRON_CONTAINING_PRE_MRNA,0.9660339660339661,1,0.008554693726833939,0.2738040042076918,0.7536955379473715,113,
REACTOME_PROGRAMMED_CELL_DEATH,0.6023976023976024,1,0.03707053936576206,0.3680703866968841,0.945589665736766,35,
REACTOME_PROTEIN_LOCALIZATION,0.14329268292682926,0.9879653401797175,0.11284335567556247,0.5250884952199222,1.251196734588868,18,
REACTOME_PROTEIN_UBIQUITINATION,0.9265593561368209,1,0.013446183397472937,0.2705427687822184,0.6664093563703465,24,
REACTOME_PTEN_REGULATION,0.8811188811188811,1,0.016758234102620485,0.2936620019163228,0.7603552745167482,40,
REACTOME_RAB_GEFS_EXCHANGE_GTP_FOR_GDP_ON_RABS,0.17607088722057598,1,0.24924655438329513,-0.25052854122621565,-0.9987570212159547,17,
REACTOME_RAB_REGULATION_OF_TRAFFICKING,0.9899295065458208,1,0.006173563367758078,0.19751932680829182,0.48470378565019884,23,
REACTOME_RAC1_GTPASE_CYCLE,0.03229061553985873,0.43083247687564236,0.2529611230696109,0.5832489744855115,1.4223341280661315,22,
REACTOME_RECRUITMENT_OF_NUMA_TO_MITOTIC_CENTROSOMES,0.576844262295082,1,0.04024775650688684,0.3990307419001417,0.9423833190805467,17,
REACTOME_REGULATED_NECROSIS,0.21443089430894308,1,0.08835944425009051,0.49861683036430526,1.1881192515969645,18,
REACTOME_REGULATION_OF_HSF1_MEDIATED_HEAT_SHOCK_RESPONSE,0.5436308926780341,1,0.04199262189685937,0.395504544658168,0.9799834871886889,25,
REACTOME_REGULATION_OF_INSULIN_LIKE_GROWTH_FACTOR_IGF_TRANSPORT_AND_UPTAKE_BY_INSULIN_LIKE_GROWTH_FACTOR_BINDING_PROTEINS_IGFBPS,0.07723577235772358,0.7782989368355222,0.1596467019199062,0.560096807218383,1.3346155983702896,18,
REACTOME_REGULATION_OF_MRNA_STABILITY_BY_PROTEINS_THAT_BIND_AU_RICH_ELEMENTS,0.8311688311688312,1,0.020562605901185,0.31099079398445306,0.8097830215136917,43,
REACTOME_REGULATION_OF_PLK1_ACTIVITY_AT_G2_M_TRANSITION,0.3882113821138211,1,0.05809835768732064,0.4536161265969141,1.0808902147383703,18,
REACTOME_REGULATION_OF_PTEN_STABILITY_AND_ACTIVITY,0.7272727272727273,1,0.027940279099526344,0.33989870613104733,0.8658926034336448,33,
REACTOME_REGULATION_OF_RAS_BY_GAPS,0.935,1,0.012121273461654874,0.2666154112315006,0.6726015203238336,29,
REACTOME_REGULATION_OF_RUNX2_EXPRESSION_AND_ACTIVITY,0.8538538538538538,1,0.01900419999385937,0.3025074329398328,0.7557412862499115,27,
REACTOME_REGULATION_OF_RUNX3_EXPRESSION_AND_ACTIVITY,0.7264529058116233,1,0.028151481896023216,0.34417854486838084,0.8720416080747729,31,
REACTOME_REGULATION_OF_TNFR1_SIGNALING,0.21891058581706063,1,0.08783126344801238,0.5167825303367793,1.2003602618663853,15,
REACTOME_REGULATION_OF_TP53_ACTIVITY,0.46046046046046046,1,0.04949048661354951,0.40846610691295515,1.0251296322488879,28,
REACTOME_RESOLUTION_OF_SISTER_CHROMATID_COHESION,0.5851703406813628,1,0.03855791019984891,0.37789156314688604,0.9574599326942944,31,
REACTOME_RESPONSE_TO_ELEVATED_PLATELET_CYTOSOLIC_CA2,0.008529641688269248,0.256485641540846,0.3807304007227924,0.6460431598306153,1.5754665239511585,22,
REACTOME_RHOA_GTPASE_CYCLE,0.12474645030425964,0.9879653401797175,0.12210792028708148,0.5328769938676223,1.2845839705014677,20,
REACTOME_RHO_GTPASES_ACTIVATE_FORMINS,0.5644355644355644,1,0.04008456334770882,0.37896664049619716,0.9695327661942132,34,
REACTOME_RHO_GTPASE_CYCLE,0.2007992007992008,1,0.0911073131586733,0.4211550678294156,1.1294307679722546,72,
REACTOME_RHO_GTPASE_EFFECTORS,0.9500499500499501,1,0.010461040341679237,0.27022934106685265,0.7165659329915606,57,
REACTOME_RNA_POLYMERASE_II_PRE_TRANSCRIPTION_EVENTS,0.5205616850551655,1,0.04397592780263451,0.40029006800952005,0.9918410850980485,25,
REACTOME_RNA_POLYMERASE_II_PROMOTER_ESCAPE,0.6998972250770812,1,0.03127712552901483,0.3732751792908652,0.867027551550181,15,
REACTOME_RNA_POLYMERASE_II_TRANSCRIBES_SNRNA_GENES,0.7616632860040567,1,0.02632452686068614,0.34037394336715576,0.8205250304621743,20,
REACTOME_RNA_POLYMERASE_II_TRANSCRIPTION_TERMINATION,0.2618328298086606,1,0.07707367349441024,0.4693679559862078,1.151808427082287,23,
REACTOME_RNA_POLYMERASE_I_TRANSCRIPTION,0.5642343268242549,1,0.041404427376027834,0.41217057196053936,0.9573720988009168,15,
REACTOME_RUNX1_REGULATES_TRANSCRIPTION_OF_GENES_INVOLVED_IN_DIFFERENTIATION_OF_HSCS,0.8698698698698699,1,0.01778148320017042,0.29909730559141373,0.750646150802664,28,
REACTOME_SCF_SKP2_MEDIATED_DEGRADATION_OF_P27_P21,0.778,1,0.024426888716872902,0.3261232138467063,0.824698209973096,30,
REACTOME_SELECTIVE_AUTOPHAGY,0.28772635814889336,1,0.0721797965581253,0.46058518842706914,1.1345277508432583,24,
REACTOME_SENESCENCE_ASSOCIATED_SECRETORY_PHENOTYPE_SASP,0.5179856115107914,1,0.0453152441270267,0.4255119947759547,0.9883609826046044,15,
REACTOME_SEPARATION_OF_SISTER_CHROMATIDS,0.7612387612387612,1,0.025552295196540366,0.3310919573060809,0.8827116200277016,63,
REACTOME_SIGNALING_BY_FGFR,0.7965056526207606,1,0.024638225706347636,0.3335430257798718,0.7747394121622441,15,
REACTOME_SIGNALING_BY_GPCR,0.27062374245472837,1,0.07530937641727728,0.4656654993120832,1.1470417305082212,24,
REACTOME_SIGNALING_BY_HEDGEHOG,0.5974025974025974,1,0.0374584205912161,0.36556218127562506,0.950758288274038,44,
REACTOME_SIGNALING_BY_INSULIN_RECEPTOR,0.0328879753340185,0.43083247687564236,0.2529611230696109,0.6265135656236351,1.4552387968779346,15,
REACTOME_SIGNALING_BY_INTERLEUKINS,0.21678321678321677,1,0.08679497567717195,0.42013609899183907,1.1201088047885175,63,
REACTOME_SIGNALING_BY_MET,0.4613821138211382,1,0.05009228744021063,0.43470620706774393,1.0358310870263332,18,
REACTOME_SIGNALING_BY_NTRK1_TRKA,0.9654471544715447,1,0.010570694917931146,0.2373949217107164,0.565671793528869,18,
REACTOME_SIGNALING_BY_NTRKS,0.9654471544715447,1,0.010570694917931146,0.2373949217107164,0.565671793528869,18,
REACTOME_SIGNALING_BY_NUCLEAR_RECEPTORS,0.671,1,0.03199804803406335,0.35601377862728745,0.9002852710070803,30,
REACTOME_SIGNALING_BY_RECEPTOR_TYROSINE_KINASES,0.6813186813186813,1,0.03120529699633362,0.34403154020551757,0.9235762517753702,74,
REACTOME_SIGNALING_BY_RHO_GTPASES_MIRO_GTPASES_AND_RHOBTB3,0.5434565434565435,1,0.0418238690062304,0.3569603635510685,0.9846268704410865,118,
REACTOME_SIGNALING_BY_TGFB_FAMILY_MEMBERS,0.2668004012036108,1,0.07588869006061172,0.46229384158773357,1.1454743999884054,25,
REACTOME_SIGNALING_BY_TGF_BETA_RECEPTOR_COMPLEX,0.4563894523326572,1,0.05049830441007088,0.428338363898852,1.0325771285820982,20,
REACTOME_SIGNALING_BY_THE_B_CELL_RECEPTOR_BCR,0.8561438561438561,1,0.01870180356267077,0.3010086052159203,0.7771808494218768,39,
REACTOME_SIGNALING_BY_VEGF,0.5811359026369168,1,0.03943665095255928,0.39863771420535954,0.9609790319316398,20,
REACTOME_SIGNALING_BY_WNT,1,1,0,0.212097045678169,0.5687903280365311,72,
REACTOME_SLC_MEDIATED_TRANSMEMBRANE_TRANSPORT,0.006933868480194645,0.256485641540846,0.40701791892395395,0.6395542364534942,1.5694381129523853,23,
REACTOME_SNRNP_ASSEMBLY,0.7134146341463414,1,0.02977746126070601,0.3631954305258011,0.8654330476259102,18,
REACTOME_SPHINGOLIPID_METABOLISM,0.25609756097560976,1,0.07871138069864847,0.48618196967184535,1.158489089757374,18,
REACTOME_STABILIZATION_OF_P53,0.514,1,0.04441811530815725,0.39616413364791786,0.999419340984748,29,
REACTOME_SUMOYLATION,0.26173826173826176,1,0.07667468724900914,0.43607522437492646,1.1320417076827676,42,
REACTOME_SUMOYLATION_OF_CHROMATIN_ORGANIZATION_PROTEINS,0.6895491803278688,1,0.03185346525527066,0.3696899282646921,0.8730896771755872,17,
REACTOME_SUMOYLATION_OF_DNA_DAMAGE_RESPONSE_AND_REPAIR_PROTEINS,0.6488395560040363,1,0.03404637275796493,0.37133288131027004,0.9055471214957914,22,
REACTOME_SUMOYLATION_OF_DNA_REPLICATION_PROTEINS,0.7810894141829393,1,0.025692747653037463,0.34085833321041525,0.791731094015804,15,
REACTOME_SUMOYLATION_OF_RNA_BINDING_PROTEINS,0.4026639344262295,1,0.05676723874874463,0.4539209695260834,1.0666996188683102,16,
REACTOME_SUMOYLATION_OF_UBIQUITINYLATION_PROTEINS,0.3176229508196721,1,0.06815134386794833,0.4803544034097791,1.128817334819079,16,
REACTOME_SWITCHING_OF_ORIGINS_TO_A_POST_REPLICATIVE_STATE,0.957042957042957,1,0.009665643484684993,0.2503864834099949,0.6405785468617518,34,
REACTOME_S_PHASE,0.922077922077922,1,0.013262642019166139,0.2794781278010078,0.7270868210347285,46,
REACTOME_TCF_DEPENDENT_SIGNALING_IN_RESPONSE_TO_WNT,0.961038961038961,1,0.009185939806085076,0.2584502349277657,0.6783569625050861,50,
REACTOME_TCR_SIGNALING,0.8721278721278721,1,0.01746981061289329,0.29282207804416105,0.7560438718374677,39,
REACTOME_THE_ROLE_OF_GTSE1_IN_G2_M_PROGRESSION_AFTER_G2_CHECKPOINT,0.3916083916083916,1,0.056886416047570075,0.41484714850586285,1.0613279915932516,34,
REACTOME_TNFR2_NON_CANONICAL_NF_KB_PATHWAY,0.09490509490509491,0.8574184436253403,0.14122511964253093,0.4941787987685917,1.273168156835895,37,
REACTOME_TNF_SIGNALING,0.22028688524590165,1,0.08730982576379309,0.509351253181541,1.1969589953204953,16,
REACTOME_TOLL_LIKE_RECEPTOR_4_TLR4_CASCADE,0.2832832832832833,1,0.072714107793444685,0.45229356651817826,1.1299455302673294,27,
REACTOME_TOLL_LIKE_RECEPTOR_9_TLR9_CASCADE,0.12173038229376258,0.9879653401797175,0.12325722638133735,0.5162281618111455,1.2715892522329484,24,
REACTOME_TOLL_LIKE_RECEPTOR_CASCADES,0.15784215784215785,1,0.10552093684319848,0.4808749620524021,1.2250298848065422,33,
REACTOME_TRANSCRIPTIONAL_REGULATION_BY_RUNX1,0.9000999000999002,1,0.01519931702052163,0.2856797330355494,0.7429991062742727,44,
REACTOME_TRANSCRIPTIONAL_REGULATION_BY_RUNX2,0.9338677354709419,1,0.012413637236997066,0.2667272199141592,0.6758039896420788,31,
REACTOME_TRANSCRIPTIONAL_REGULATION_BY_RUNX3,0.6193806193806194,1,0.03576907674854211,0.3667588717645024,0.9383009095537392,34,
REACTOME_TRANSCRIPTIONAL_REGULATION_BY_TP53,0.05094905094905095,0.580376145593537,0.19782202131510335,0.4776150375736313,1.272318814220788,62,
REACTOME_TRANSCRIPTION_COUPLED_NUCLEOTIDE_EXCISION_REPAIR_TC_NER,0.4293032786885246,1,0.053787280776029955,0.4455079430499987,1.046929278350801,16,
REACTOME_TRANSLATION,0.8291708291708292,1,0.020708840649244303,0.3197631424640994,0.861586745264642,79,
REACTOME_TRANSMISSION_ACROSS_CHEMICAL_SYNAPSES,0.7621951219512195,1,0.026394713977627656,0.34593690692342355,0.8243089160334334,18,
REACTOME_TRANSPORT_OF_MATURE_MRNAS_DERIVED_FROM_INTRONLESS_TRANSCRIPTS,0.3710174717368962,1,0.060771945185353275,0.4665735214352927,1.0837369328351896,15,
REACTOME_TRANSPORT_OF_MATURE_TRANSCRIPT_TO_CYTOPLASM,0.26152304609218435,1,0.07687367341265418,0.4470503536252418,1.132686842565492,31,
REACTOME_TRANSPORT_OF_SMALL_MOLECULES,0.04495504495504495,0.5608677037248465,0.2114001893849227,0.45465841322839845,1.241199908601213,99,
REACTOME_TRANSPORT_TO_THE_GOLGI_AND_SUBSEQUENT_MODIFICATION,0.47952047952047955,1,0.04754341942013011,0.3831286227104244,1.0153186159064538,56,
REACTOME_TRANS_GOLGI_NETWORK_VESICLE_BUDDING,0.6743256743256744,1,0.03170908650855527,0.35557351478644894,0.9058242084386872,33,
REACTOME_UBIQUITIN_MEDIATED_DEGRADATION_OF_PHOSPHORYLATED_CDC25A,0.8408408408408409,1,0.01997415956512903,0.3085475257913326,0.7680287162214151,26,
REACTOME_UB_SPECIFIC_PROCESSING_PROTEASES,0.7932067932067932,1,0.023295800049036655,0.3241140864383205,0.8589258179414704,56,
REACTOME_UCH_PROTEINASES,0.7352647352647352,1,0.027377734957055606,0.33737624924734333,0.8735410401683159,40,
REACTOME_VESICLE_MEDIATED_TRANSPORT,0.993006993006993,1,0.00382852089890286,0.26899220536691976,0.7505276694798029,155,
WP_ADIPOGENESIS_GENES,0.08638211382113821,0.8382264378199338,0.15016980212840597,0.5544216762907375,1.3210927248933906,18,
WP_ALZHEIMERS_DISEASE,0.671120246659815,1,0.0333092817548776,0.3806641416874436,0.8841903159948259,15,
WP_APOPTOSIS,0.10898082744702321,0.9210637674554865,0.13145761164276346,0.5257633598101056,1.28214742358403,22,
WP_CALCIUM_REGULATION_IN_CARDIAC_CELLS,0.9311408016443987,1,0.014773503781430308,0.2674482283060041,0.6212172558462509,15,
WP_CHEMOKINE_SIGNALING_PATHWAY,0.8846539618856569,1,0.016758234102620485,0.28921497426754716,0.7166185644588761,25,
WP_COMPREHENSIVE_IL17A_SIGNALING,0.06118355065195587,0.6679204279505182,0.1797823162983236,0.5409660755761819,1.3404089241303694,25,
WP_CYTOPLASMIC_RIBOSOMAL_PROTEINS,0.7142857142857143,1,0.028856776356490522,0.3410047341279606,0.8842893547755544,41,
WP_DELTANOTCH_SIGNALING_PATHWAY,0.47764227642276424,1,0.04850598364694698,0.4309259637198763,1.0268234089380477,18,
WP_EGFR1_SIGNALING_PATHWAY,0.8571428571428571,1,0.018625883535805954,0.29968083954353075,0.7698937897034561,35,
WP_ESTROGEN_SIGNALING,0.7616632860040567,1,0.02632452686068614,0.3404172071580006,0.8206293246480032,20,
WP_FOCAL_ADHESION,0.307,1,0.06863256318367258,0.435174687707818,1.106738668271899,32,
WP_FOCAL_ADHESION_PI3KAKTMTOR_SIGNALING_PATHWAY,0.009789528303085727,0.256485641540846,0.3807304007227924,0.5529425726118886,1.4397966622625926,43,
WP_G_PROTEIN_SIGNALING_PATHWAYS,0.38335046248715315,1,0.05922191938038196,0.4629980052295958,1.0754318773872413,15,
WP_IL2_SIGNALING_PATHWAY,0.6967213114754098,1,0.031349000173099724,0.36728641287308417,0.8674133405569627,17,
WP_IL3_SIGNALING_PATHWAY,0.198989898989899,1,0.09225972605273541,0.4969091237212995,1.2049839990403988,21,
WP_IL6_SIGNALING_PATHWAY,0.1758130081300813,1,0.09992769737310925,0.5119761472840874,1.2199522356720935,18,
WP_INSULIN_SIGNALING,0.0202967917544837,0.40905841843651763,0.35248785758361917,0.5725329725510437,1.4443521700213617,29,
WP_INTEGRINMEDIATED_CELL_ADHESION,0.5264227642276422,1,0.044064034659756106,0.4166215596720523,0.9927384426936793,18,
WP_MAPK_SIGNALING_PATHWAY,0.6006006006006006,1,0.037302976483267865,0.37499739367188445,0.9411330187820727,28,
WP_MECHANISMS_ASSOCIATED_WITH_PLURIPOTENCY,0.6813186813186813,1,0.03120529699633362,0.34526885096357607,0.9205080946663147,63,
WP_METAPATHWAY_BIOTRANSFORMATION,0.002219846840225284,0.09693331202317074,0.4317076958033464,0.7057884841204816,1.6668472485779948,17,
WP_MICRORNAS_IN_CARDIOMYOCYTE_HYPERTROPHY,0.8735868448098664,1,0.019229708906458174,0.30297245423377117,0.7037314018052213,15,
WP_MRNA_PROCESSING,0.993006993006993,1,0.00382852089890286,0.26711427417259404,0.7457373236116708,158,
WP_MYOMETRIAL_RELAXATION_AND_CONTRACTION_PATHWAYS,0.29573170731707316,1,0.07130529873400379,0.4748336699332928,1.1314480181946356,18,
WP_OXIDATIVE_STRESS_AND_REDOX_PATHWAY,6.578625993976288e-6,5.745333368072624e-4,0.610526878385931,0.7717350508012346,1.900961762193252,24,
WP_PROTEASOME_DEGRADATION,0.7203219315895373,1,0.028786146064209293,0.35176451661510677,0.8664772899552239,24,
WP_PURINE_METABOLISM,0.21313131313131314,1,0.08835944425009051,0.4919201910489087,1.1928860443932783,21,
WP_REGULATION_OF_ACTIN_CYTOSKELETON,0.2547452547452547,1,0.07808923069433449,0.4465977086690809,1.1377085163068472,33,
WP_TRANSLATION_FACTORS,0.5075075075075075,1,0.04504427671527945,0.401513088673914,1.0030828503342966,27,
WP_WNT_SIGNALING_PATHWAY,0.9221311475409836,1,0.015283613094582463,0.2736128357781279,0.6461862339121726,17,
WP_WNT_SIGNALING_PATHWAY_AND_PLURIPOTENCY,0.49077868852459017,1,0.047638725929082505,0.4254279441152881,1.0047250898410947,17,
